,index,word,sum_prob
0,3,pailleteur,2.9300063024515817
1,4,boniche,2.9070930035645866
2,8,vénérologiste,2.9522728481291125
3,21,croisé,2.827861155942726
4,32,scieur,2.970051043908448
5,39,gaufrier,2.8067014758603874
6,41,épistémologiste,2.9908557990627003
7,47,unanimiste,2.9881926789575286
8,48,pauvret,2.8561198431455774
9,85,goupineur,2.983823119480662
10,90,zouave,2.9650348356195435
11,93,petit-maître,2.979271048400987
12,94,brouettier,2.8407900500776626
13,104,agrarien,2.9681082642744783
14,129,taraudeur,2.968546884518462
15,138,procurateur,2.9741838219236105
16,148,champenois,2.9292831440479308
17,164,asphalteur,2.8267721834248714
18,168,discriminateur,2.9335089940665
19,171,socratique,2.8966862692250848
20,176,moussaillon,2.8422363000742896
21,187,oviste,2.9428846390529886
22,194,océanaute,2.9572746569741617
23,196,andalou,2.8493339483351816
24,202,assomptionniste,2.9429309368761922
25,215,unioniste,2.9508113824603415
26,216,grillageur,2.8543098282226333
27,222,conceptualiste,2.98689094838739
28,231,prosodiste,2.9061645382936154
29,233,maton,2.9607652066931562
30,237,fadard,2.844154089704091
31,248,anabaptiste,2.9851136158487805
32,253,bouffarde,2.958803659392387
33,258,pasteurien,2.970306553397528
34,262,monographe,2.966951936187603
35,273,mariniste,2.988025467927015
36,280,avenant,2.866133444618066
37,292,quartettiste,2.971712645366166
38,299,scriban,2.8648470269629494
39,302,orphéoniste,2.980771616358491
40,309,capoulié,2.8487617515135195
41,310,pisteur-secouriste,2.900137400829707
42,316,tréfileur,2.8773403095219403
43,320,prémontré,2.8094510196156124
44,321,trapéziste,2.983296994037268
45,328,thomiste,2.961243667257737
46,332,lancier,2.844990412526153
47,343,blatier,2.84625644183066
48,366,ergatif,2.8651277573898075
49,370,arpète,2.9186591184362047
50,378,marianiste,2.938188291773515
51,380,bosseyeur,2.9839278317104054
52,404,pharaon,2.9375074305240814
53,409,émouleur,2.8898181574873063
54,418,vieux-catholique,2.8871521498830512
55,419,édile,2.9827779124302154
56,425,expressionniste,2.962326431811852
57,437,ambigu,2.9593130785761135
58,442,ploutocratique,2.9407403631674485
59,449,néo-guinéen,2.8826629637906747
60,460,osiériste,2.9816156419651794
61,476,fanfreluche,2.8845101259282644
62,487,marmottier,2.8227300355839353
63,489,quartier-maître,2.9373753030141767
64,496,star,2.9350034740114883
65,503,fraiseur,2.948825669431292
66,521,gargantuiste,2.950930780264024
67,541,suprême,2.8853629820745637
68,543,abbesse,2.9693139266376
69,545,phraséologue,2.9643027703944345
70,547,rythmicien,2.9915453949497435
71,552,thète,2.962594265813628
72,560,fil-de-feriste,2.8362084476014773
73,621,ravi,2.975003816145955
74,628,psy,2.966678094966044
75,633,sectaire,2.9638056538283926
76,658,sous-ingénieur,2.9260967243689318
77,672,truble,2.8271899069509088
78,680,spolié,2.963972690739644
79,682,coulissier,2.9135068127739365
80,688,cureton,2.906600347167421
81,701,bouvillon,2.911207346480202
82,713,attractionnaire,2.9173856467452266
83,714,néo-hégélien,2.80810322437523
84,721,proprio,2.9486023617536055
85,723,sexologique,2.820629329988237
86,725,néo-natalogiste,2.9790582873174087
87,729,galipote,2.932711184651177
88,733,portraitiste,2.985096070383979
89,746,walloniste,2.9902493244355988
90,759,protectionniste,2.8690937454089975
91,772,loveur,2.9822611596283477
92,773,scotiste,2.8827247263859728
93,774,aciériste,2.9775910978666835
94,806,bouchonnier,2.9808624296284107
95,812,garnement,2.968223785119698
96,813,balanceur,2.8234836849927722
97,824,métallographe,2.956142247506988
98,833,bobineur,2.956517857364319
99,854,voyoucrate,2.9429363130302844
100,881,carrossier,2.9688616172609477
101,904,cornemuseur,2.9330872645277033
102,917,hétérogéniste,2.917500611673988
103,924,pote,2.9591118872574516
104,944,coqueleur,2.8843977586345355
105,960,pétauriste,2.9104935756233687
106,963,gérontocrate,2.9631917712125277
107,980,tarin,2.923903890419407
108,981,instrumentaliste,2.9779347875076265
109,987,agrimenseur,2.936900649870491
110,988,narco-analyste,2.985744142206944
111,990,singulier,2.885037974638203
112,993,mignonnet,2.896869227105142
113,1002,célestin,2.964743321862097
114,1020,superstar,2.939579446239954
115,1028,sans-dieu,2.948283118657337
116,1057,bouté,2.824536982759619
117,1059,illatif,2.8457433904738982
118,1063,pop-star,2.980791935607169
119,1064,satiriste,2.992042085174331
120,1067,violiste,2.985836169581975
121,1083,otologiste,2.9849298143916787
122,1105,mécaniste,2.9811011497409106
123,1106,théurge,2.9684406896070796
124,1110,sent-bon,2.89519865960035
125,1111,radariste,2.9845010598315644
126,1122,chairman,2.805077360686327
127,1128,laceur,2.903468343414072
128,1133,manipulaire,2.803563635815605
129,1134,bimbelotier,2.9311991568411715
130,1137,newtonien,2.902558627481818
131,1139,prince-président,2.9731000191595536
132,1144,signor,2.82403071024661
133,1150,concitoyen,2.9854897852903277
134,1152,moulureur,2.9623581822537166
135,1165,orléaniste,2.9905071142702955
136,1184,clergyman,2.9092924301618317
137,1185,ecclésiastique,2.8870610045221423
138,1200,phalanstérien,2.890707548047743
139,1208,classiciste,2.9852328083346147
140,1213,arrière-petit-cousin,2.9559812421671454
141,1220,vériste,2.986618705771738
142,1222,proquesteur,2.8610141690352187
143,1250,rhétoriqueur,2.986993790794468
144,1255,aristarque,2.910929224709219
145,1259,libraire-papetier,2.8854875734388123
146,1269,rassis,2.922110148376129
147,1291,gauleiter,2.9128793103823414
148,1292,gommeux,2.9828298171547423
149,1295,tennisman,2.982204891564465
150,1311,graisseur,2.8792763851068552
151,1319,montaniste,2.9823975829907297
152,1344,spéléonaute,2.9847916070949037
153,1353,écrouelleux,2.8462222186282133
154,1373,bleusaille,2.8044243120228103
155,1377,agace,2.9443795874783
156,1401,modalisateur,2.9551740354401037
157,1422,larbin,2.963112996888359
158,1423,galvaudeux,2.943998995269504
159,1428,fan,2.973180997711588
160,1461,primeur,2.921825134075145
161,1462,corroyeur,2.973819043984425
162,1471,pyrotechnicien,2.9613881198366836
163,1501,légionnaire,2.9451140453598734
164,1503,peignier,2.9035962655220975
165,1519,gemmologiste,2.941018526649321
166,1520,poétique,2.8571555714661945
167,1521,nématologiste,2.9777600690255195
168,1536,morphologiste,2.976090874672452
169,1552,cracovien,2.948192280926994
170,1554,luciférien,2.940883791680117
171,1556,chanoine,2.905046903160299
172,1577,oppositionniste,2.968082771762445
173,1580,plafonneur,2.9834927806783345
174,1585,frotte-parquet,2.868608168909813
175,1589,subjectiviste,2.987116533584482
176,1598,moque,2.873179553112286
177,1614,donatiste,2.885442186292363
178,1619,mozartien,2.973542986509682
179,1625,pastelliste,2.9290985472451423
180,1628,connu,2.9610081630007814
181,1640,nativiste,2.9902148557134662
182,1645,arthritique,2.867682920064471
183,1652,blondinet,2.9413707839666112
184,1658,tahitien,2.918163765815066
185,1674,asiarque,2.943998213050717
186,1681,amentifère,2.866141899726955
187,1702,bibliophile,2.9840044667234302
188,1704,satineur,2.975386315946574
189,1724,behavioriste,2.9698665518353033
190,1765,poétastre,2.949312041173589
191,1777,ruiniste,2.8544096961921293
192,1779,coalitionniste,2.825941247117427
193,1784,lyrique,2.8346128905338586
194,1790,bio-bibliographique,2.838987920906923
195,1795,branlant,2.9712853839256406
196,1819,industrialiste,2.9865147486912047
197,1837,brunisseur,2.9143948175259426
198,1846,sanhédriste,2.8134845152844106
199,1847,gravatier,2.916265914772696
200,1855,météorolabile,2.8076792515571616
201,1857,babouviste,2.9860251724822704
202,1887,panetier,2.9546810819821663
203,1888,olivétain,2.829534460584508
204,1894,laïciste,2.9912019869163085
205,1906,commetteur,2.900388773514277
206,1911,composteur,2.8553463165890602
207,1931,garde-chasse,2.971595137884644
208,1946,gaffe,2.9075419898410884
209,1953,kinésithérapeute,2.948194079836495
210,1984,trécentiste,2.8142656088756164
211,1994,tartouilleur,2.8459768982324265
212,1996,tecticien,2.9095540669014914
213,1998,polysémique,2.9665601941509787
214,2012,déliasseuse,2.9401706086031245
215,2013,échevinage,2.803165194650018
216,2022,thanatologue,2.989530818631758
217,2028,schappiste,2.8609471980369134
218,2042,marginaliste,2.9710531274472567
219,2047,fumiste,2.9763012651506155
220,2050,cartonneur,2.9393760052067575
221,2054,novillero,2.8150799446698134
222,2057,bourgadier,2.956595768232841
223,2065,gouvernementiste,2.990394267202584
224,2073,limeur,2.929615514146163
225,2076,sycophante,2.9695016435409123
226,2077,sibylliste,2.9286769211522063
227,2087,tout-venant,2.846760272705234
228,2089,sur-moi,2.9348828017835378
229,2091,métivier,2.9315235138604647
230,2095,pied-noir,2.9710571679807414
231,2100,antécesseur,2.916229891618242
232,2140,maquisard,2.980509731167673
233,2149,blondin,2.8955570457316933
234,2152,national-socialiste,2.9333948064380944
235,2162,pharmacologiste,2.975519449443479
236,2168,orthoptiste,2.958856062345045
237,2172,saurisseur,2.953315517481107
238,2184,gavroche,2.9332005208722958
239,2205,matador,2.920445195628947
240,2210,treiziste,2.9689986724866313
241,2211,bouilli,2.8523351726159905
242,2226,répandeur,2.916571586306242
243,2229,abat-faim,2.941307791158281
244,2234,tuileur,2.9782677791129677
245,2242,cellérier,2.944047931286647
246,2246,moinillon,2.93544184115272
247,2258,jacobin,2.9855706535360507
248,2275,nature-mortiste,2.8453439427782183
249,2325,déchaîné,2.8744774394244783
250,2327,gaucho,2.9405606943076017
251,2342,léniniste,2.9656472599083
252,2345,sacrificateur,2.937125037379824
253,2360,pogromiste,2.9864351620265177
254,2367,moulineur,2.957432998324736
255,2375,administrant,2.8555451462461567
256,2378,immanentiste,2.98181701149287
257,2416,arcadien,2.9477376643933613
258,2421,balzacien,2.980531126592462
259,2427,repousseur,2.8186152102983204
260,2429,gaucherie,2.8791012104971294
261,2437,dégorgeur,2.9545260888553853
262,2448,jazzman,2.9831623141822843
263,2468,vaticaniste,2.9814327723620555
264,2470,lockiste,2.937644366449808
265,2472,lunologue,2.9876387568391323
266,2494,lyreur,2.8056696177329057
267,2499,robinetier,2.8063938331591833
268,2509,badinant,2.852373207245841
269,2527,darwinien,2.957045040173004
270,2531,fédéraliste,2.8165227585602204
271,2549,hugolâtre,2.9262478895705333
272,2570,saunière,2.90165983426677
273,2573,alogique,2.8556143901732947
274,2586,vulgaire,2.960097228568129
275,2590,finitiste,2.819057201926281
276,2592,surgé,2.8408775019290307
277,2593,peau-rouge,2.901507133678102
278,2601,futurologue,2.9873537270582635
279,2619,demi,2.8651011704653335
280,2622,matamore,2.8582761992354686
281,2627,soufreur,2.94345723441437
282,2634,rabbiniste,2.983029328691659
283,2636,déraillard,2.8314320390279675
284,2646,atonaliste,2.9558003142753932
285,2651,jacqueteur,2.9526754502810624
286,2653,quattrocentiste,2.955718848358986
287,2664,banquiste,2.9755336999107773
288,2665,lilliputien,2.885619627697646
289,2679,antéchrist,2.9082812530121114
290,2688,cardeur,2.8427507449593263
291,2689,mateur,2.980577380487233
292,2694,stalinien,2.957814591492614
293,2695,pindariste,2.9396447497159612
294,2716,ravaleur,2.813581687107061
295,2727,mioche,2.895058560884244
296,2729,soûl,2.969423170634823
297,2735,hiérophante,2.8799736274892114
298,2738,chicard,2.9281391414442006
299,2745,multipropriétaire,2.843342659953504
300,2768,simili-jockey,2.80038248492462
301,2782,servante,2.911267834973469
302,2784,strideur,2.947257522719422
303,2803,sélénographe,2.9650761524303944
304,2829,tératologiste,2.981524374706781
305,2830,faribole,2.8249710157054695
306,2835,prononciateur,2.9698206031573084
307,2843,arquebusier,2.963217693655692
308,2846,avorton,2.880197016637892
309,2849,hasteur,2.9587260056402163
310,2850,vacuiste,2.9883619691006444
311,2853,accrocheur,2.9529057241216683
312,2857,non-interventionniste,2.9139010113261974
313,2869,bockeur,2.9497137783987433
314,2880,ferron,2.801267432623842
315,2893,paveur,2.9638579420181825
316,2898,stathoudérien,2.868858095079168
317,2908,brillant,2.8481288420715063
318,2959,menchevik,2.945804198680927
319,2963,chaussetier,2.9583240656213534
320,2964,avivé,2.9211263483843117
321,2969,bicêtrien,2.8113024304511804
322,2977,oedipien,2.951965016131541
323,2986,escorteur,2.950193327856353
324,3012,bouffoniste,2.9859355841693036
325,3021,policeman,2.8707923311905694
326,3040,drille,2.8756302800229965
327,3044,systématicien,2.9757268332631828
328,3065,cent-garde,2.973509007485569
329,3072,abessif,2.9062109250294563
330,3074,catisseur,2.950123905688666
331,3091,misérabiliste,2.9819990565189083
332,3099,inflationniste,2.8478873197254018
333,3101,légumier,2.8133852932437455
334,3105,sous-ministre,2.9631163090042896
335,3111,symphoniste,2.981981421034801
336,3124,pythagoricien,2.9569469907711547
337,3126,trufficulteur,2.9523112499356783
338,3131,ménétrier,2.821719736676566
339,3137,arrêtiste,2.9758546902291676
340,3138,atticiste,2.982980948222232
341,3144,connétablie,2.959310457755007
342,3153,naïade,2.8144258537690656
343,3154,greluchon,2.852459209527423
344,3169,zwanze,2.8055124694969655
345,3189,superpréfet,2.9786003569017123
346,3195,jaque,2.825371431857269
347,3208,belle-doche,2.8825423374791983
348,3214,orthodontiste,2.911188170519847
349,3219,ardent,2.983712804939488
350,3222,activiste,2.9924690262632776
351,3232,exarque,2.889719721023467
352,3237,déteint,2.929920686470756
353,3245,garçonne,2.9552096242820913
354,3249,laineur,2.9311841884864727
355,3251,nosographe,2.974350194218921
356,3258,radioélectricien,2.916107813686658
357,3261,madragueur,2.9319856110809317
358,3270,bollandiste,2.9821902641827207
359,3331,bossu,2.9236786194706053
360,3339,localier,2.9065727290708643
361,3357,zwinglien,2.85601133600013
362,3378,populationniste,2.9790363669490674
363,3380,agoniste,2.961562085954381
364,3403,lamarckiste,2.903507547080096
365,3428,cossard,2.894023318788887
366,3443,luminariste,2.9404784743660195
367,3481,rampiste,2.963560109202986
368,3499,graphologue,2.973204293118134
369,3508,frérâtre,2.875872550043227
370,3531,néo-pythagoricien,2.8652209272204585
371,3542,cafetier,2.9695122110399192
372,3545,muséographe,2.991357491022913
373,3562,acteureau,2.9757419958312106
374,3566,télesthésique,2.857561761990953
375,3593,bravache,2.9655220503641844
376,3608,rosiériste,2.912834190498414
377,3626,balochard,2.8682207292772253
378,3635,balourdise,2.8754588397788723
379,3637,psychophysiologiste,2.8900013443897414
380,3638,sénatorien,2.9844105177502587
381,3640,apocrisiaire,2.966441802639401
382,3645,sommiste,2.986657093911974
383,3646,zoroastrien,2.9376234056003403
384,3652,tectrice,2.8067947065268077
385,3655,argenteur,2.9105795683969173
386,3664,transformiste,2.9771245539448215
387,3683,goinfrerie,2.844562729811491
388,3687,goupillonneur,2.845702273278485
389,3698,digeste,2.8510340097058817
390,3700,remblayeur,2.964289845137286
391,3703,bouddhiste,2.944975269737332
392,3715,virologiste,2.97005086202072
393,3726,monadologiste,2.985459680950026
394,3728,discophile,2.971178123685224
395,3730,démiurge,2.9709517097528972
396,3731,pointilliste,2.9410855437078998
397,3756,exempt,2.8742619462515915
398,3762,agenais,2.967091044222007
399,3766,îlotier,2.9668875507795898
400,3777,grondin,2.879178812241796
401,3787,psychonévrosé,2.844526701169933
402,3788,trognard,2.923799371815542
403,3807,banal,2.9405707519257973
404,3817,mauser,2.882312598935343
405,3819,vidangeur,2.983244632157848
406,3822,finisseur,2.9551924575419464
407,3827,moniste,2.9815340233458283
408,3832,mythographe,2.964228027265098
409,3838,sociométriste,2.9475490870266574
410,3840,historiologue,2.9533010528524213
411,3844,gériatrique,2.8810013244542647
412,3866,déployé,2.8535016151683954
413,3869,papiste,2.9667532057338057
414,3870,traitant,2.834807582653443
415,3873,saltateur,2.9443104332441763
416,3884,neurophysiologiste,2.9792676476612794
417,3888,vautre,2.8135562617177614
418,3891,revuiste,2.9830198191792046
419,3896,miniaturiste,2.96099980143279
420,3907,frotté,2.9512714203588026
421,3909,buccinateur,2.8071273180649734
422,3928,protospathaire,2.8831453300036998
423,3929,rudiste,2.92464928073933
424,3937,sémanticien,2.990115680325458
425,3942,algologiste,2.9601485443845297
426,3944,cynégétique,2.880633344618602
427,3953,tritureuse,2.8600820898752204
428,3954,néantiste,2.9239340877716193
429,3970,sorbonnard,2.960598649412399
430,3971,ossète,2.8760083240788
431,3979,psycho-biologiste,2.8926203492233435
432,3997,dissertateur,2.9755655180781195
433,4002,machiavélien,2.9561902265821387
434,4006,fourbisseur,2.9744133721153316
435,4048,oratorien,2.977316645095601
436,4065,athlétique,2.9359845969031158
437,4068,légiste,2.980091912555025
438,4069,questeur,2.9827870436733996
439,4080,rouennier,2.8463837259313585
440,4084,picador,2.900343804496328
441,4110,transitaire,2.9201732689055016
442,4113,moufletier,2.818177118046348
443,4118,têtu,2.9764379057936896
444,4120,antillais,2.890344918090006
445,4124,môme,2.948880870339491
446,4138,sergent-infirmier,2.943635912648144
447,4143,vêtu,2.959348174861365
448,4146,maurrassien,2.989125652405097
449,4172,nazi,2.9799614831064445
450,4187,sopraniste,2.9828384486455928
451,4209,grumeau,2.8106149074213773
452,4250,naufetier,2.975868672952405
453,4253,agrégatif,2.950821184430641
454,4257,goutté,2.8244334418394152
455,4270,chevrillard,2.8758463277826416
456,4273,sous-maître,2.914833902377768
457,4275,reperceur,2.9622222823485123
458,4288,technocrate,2.984746930477658
459,4293,antipodiste,2.9763848860345345
460,4320,légumiste,2.9179120266191445
461,4354,gnard,2.9405012528364054
462,4389,bourriquier,2.8716560872041503
463,4408,probabiliste,2.9521184601951678
464,4437,libraire-éditeur,2.9772907645371176
465,4444,postiche,2.848624919247159
466,4448,trusquin,2.8516634310125557
467,4457,seiziémiste,2.957839465610821
468,4481,téléaste,2.916414913941663
469,4487,serriste,2.9398084438481136
470,4532,sécentiste,2.814818975845708
471,4536,maraîchin,2.9410071372692443
472,4554,polygéniste,2.926232996976875
473,4568,hebdomadier,2.8160330584216475
474,4587,affûteur,2.9173006365511283
475,4596,planiste,2.974886821685415
476,4597,franciscain,2.9333955622373367
477,4598,feinteur,2.970903893064513
478,4622,mendéliste,2.937300764789487
479,4635,clubiste,2.991644189050198
480,4644,métapsychique,2.8166397163267076
481,4655,occidentaliste,2.9851389081904585
482,4659,sermonnaire,2.959398622063841
483,4666,anti-politique,2.96849380154048
484,4670,condisciple,2.960540335383152
485,4685,approuvé,2.807072035552777
486,4702,princesse,2.8611552315782527
487,4735,féticheur,2.973190813403076
488,4760,passionniste,2.988665721878019
489,4769,rocailleur,2.87729359476806
490,4771,primerain,2.858517580879721
491,4775,informé,2.9700780268414233
492,4782,échotier,2.9735390355140767
493,4783,onusien,2.9362011106408215
494,4809,testateur,2.9692230810639426
495,4812,malfrat,2.955994975805141
496,4815,marneur,2.8539031857417125
497,4847,brigadière,2.9801188202152207
498,4864,gent,2.9315217260649797
499,4869,émissaire,2.9290795301219394
500,4878,platineux,2.830674557748672
501,4881,séminariste,2.9816206003779118
502,4882,cancérologue,2.928745493211797
503,4898,accadien,2.8822992248023116
504,4910,taurillon,2.8964480050086845
505,4948,phalangiste,2.8984900900619897
506,4970,cheftaine,2.9280074219885637
507,4972,inspectorat,2.8157431003806597
508,4977,toxicologiste,2.9625981907577574
509,4982,versaillais,2.966888741883944
510,5000,bassoniste,2.9859090055069233
511,5002,serre-frein,2.8533968395019156
512,5009,nominatif,2.8793244917311402
513,5018,authentique,2.8403119945805284
514,5019,rase-pet,2.8489457664962563
515,5020,subdivisionnaire,2.9478004596786955
516,5029,quakeriste,2.967755140105031
517,5055,apprêteur,2.956695032961213
518,5056,aristotélicien,2.9727640583632833
519,5068,mollassité,2.8149841840454033
520,5070,immoraliste,2.9888325208953828
521,5077,télémétreur,2.926499804478971
522,5083,ludion,2.815932235354012
523,5091,congrégationiste,2.8467324255884963
524,5105,perceptionniste,2.860522946099386
525,5106,finaliste,2.97329423453356
526,5107,assommant,2.871755970091491
527,5110,voyoucratie,2.8188011650305165
528,5114,survivancier,2.956066627190336
529,5135,constitutionaliste,2.9519902968842104
530,5141,martyrologiste,2.954353449146051
531,5145,argentiste,2.982458128369289
532,5149,alémanique,2.875950801037178
533,5156,dogre,2.8725431709726132
534,5157,succube,2.8717749027892148
535,5162,taurin,2.9459131311838807
536,5165,populo,2.908428228230976
537,5176,fresquiste,2.988824291251806
538,5177,mûrisseur,2.8900159546215067
539,5184,transcendantaliste,2.9558559114113407
540,5186,épouvanté,2.8612257323293933
541,5200,nourrain,2.881433601170227
542,5205,nomenclateur,2.939065657548895
543,5211,lupeux,2.846579505921906
544,5215,subrogateur,2.9088062093563316
545,5225,caméraman,2.9758017384125437
546,5227,soutier,2.8916903814600006
547,5248,replanisseur,2.837230659228283
548,5253,sabreuse,2.9649396672545776
549,5262,néo-calédonien,2.8687286843540916
550,5281,renforçateur,2.9369978257083424
551,5288,sexeur,2.9776008097417446
552,5300,unitarien,2.9473273596627636
553,5303,psychométricien,2.9509656271313065
554,5308,affaneur,2.933901681652968
555,5321,japonisant,2.839355452698335
556,5326,cordelier,2.968089771356186
557,5348,mestre,2.9487392074157177
558,5366,décentralisateur,2.9125115997895796
559,5388,thermicien,2.9889518945280344
560,5390,mobilisé,2.932847097078785
561,5399,burlingue,2.8667994380170336
562,5400,félibréen,2.963324547314997
563,5407,scatologue,2.9838437774578805
564,5409,municipaliste,2.979655835515473
565,5414,surineur,2.9798190267416453
566,5438,lamarckien,2.930479046949651
567,5439,ethnarque,2.983204879633205
568,5441,amoché,2.963253423708501
569,5448,aplatisseur,2.8861839190899685
570,5471,zinzin,2.972966099113287
571,5482,intemporel,2.8506150036596405
572,5484,soldeur,2.9371448338216606
573,5496,yiddishiste,2.97243873660218
574,5498,kolkhosien,2.878094814413605
575,5500,cardiopathe,2.918449766701839
576,5515,psycho-ethnologue,2.9739753149210415
577,5525,réimprimeur,2.968124712978167
578,5566,personnaliste,2.9692333137918445
579,5573,hiécharchiste,2.836169627102286
580,5576,collaborationniste,2.973033900395345
581,5586,demi-cent,2.872703923042019
582,5588,naisseur,2.97895062535708
583,5589,incasique,2.8315708254384457
584,5625,rouable,2.9088321306715534
585,5633,demi-quart,2.88223269931228
586,5636,synécologiste,2.8516799807064057
587,5648,franquiste,2.9559749541503684
588,5663,nestorien,2.9399159916985855
589,5690,sous-lieutenance,2.9165008040023874
590,5694,libérable,2.8838890413697347
591,5721,sexo-thérapeute,2.9610491046783234
592,5731,traumatologiste,2.9515956727161194
593,5734,mousquetaire,2.9667864212263875
594,5743,néo-chrétien,2.8546000687977315
595,5748,théosophe,2.9345823524183574
596,5755,rocker,2.898750731037215
597,5756,stomatologiste,2.9430814068253706
598,5759,odontostomatologiste,2.8033067594947445
599,5766,loupeur,2.920599624059345
600,5767,radioécologiste,2.9108973420856077
601,5773,déverseur,2.810295803431974
602,5809,nubien,2.9113762143596795
603,5815,préparationnaire,2.932267932526061
604,5826,sophistique,2.8743970998787534
605,5829,phénoméniste,2.9846799841214997
606,5849,pèlerine,2.910180989899717
607,5855,bancocrate,2.9434763844781227
608,5860,pantagruéliste,2.961253448503281
609,5865,escarmoucheur,2.8894824263978096
610,5870,médicastre,2.963899862850202
611,5871,psychosomaticien,2.983461548758103
612,5875,jaïniste,2.9365670069210457
613,5881,picoreur,2.9804358074991657
614,5887,lazariste,2.961050940789914
615,5891,cruciverbiste,2.9875548375113707
616,5898,donquichottesque,2.885892582234123
617,5932,orchestrant,2.8820701985113737
618,5935,bidasse,2.959127372715688
619,5938,figuriste,2.988834690426657
620,5941,caballero,2.906127208591633
621,5972,moqueur,2.981654885273408
622,5990,dévoirant,2.883821197516594
623,6000,antif,2.9402065905713863
624,6025,psychoneurologue,2.88156727135706
625,6057,ismaélien,2.8912476340072955
626,6070,chaîniste,2.940489670091332
627,6108,francien,2.9629847909801743
628,6122,gringo,2.940056479697474
629,6133,arrière-petit-neveu,2.932538748955353
630,6135,enfantelet,2.8184727874545024
631,6136,judéo-chrétien,2.972072278063312
632,6149,paradoxeur,2.9347699437121695
633,6181,vichyste,2.9477265930318133
634,6190,rétameur,2.9536490316035087
635,6193,conclaviste,2.977011243021216
636,6194,tolstoïen,2.882076612416569
637,6197,ingestif,2.886432395506814
638,6205,pistoleur,2.85725435009815
639,6217,métrologiste,2.948673061257907
640,6239,physiologue,2.969787638444276
641,6248,marguillier,2.9676719851612186
642,6252,landwehrien,2.8407150116144666
643,6268,tartufier,2.8697316059273823
644,6269,ponceur,2.904106592331391
645,6290,mastiqueur,2.9150045465815797
646,6292,odontologiste,2.980680299908352
647,6293,géomorphologue,2.9668963407352975
648,6297,tourier,2.9217448402488757
649,6302,résinier,2.9314672368346413
650,6308,kremlinologiste,2.918095097562661
651,6313,malinois,2.8532859775766846
652,6327,brigandinier,2.944876918880766
653,6336,caïtier,2.895298863630927
654,6362,sociographe,2.970494839216603
655,6369,plainier,2.842937909446298
656,6370,pistolier,2.934106920865722
657,6408,ingénieur-système,2.9385924167922557
658,6412,premier-lieutenant,2.8255810289159706
659,6418,abordeur,2.9156103281771735
660,6423,opiumeur,2.874890790782875
661,6438,préchantre,2.9411845866633977
662,6440,ténorino,2.9594736255215546
663,6458,phycologiste,2.9402284984962086
664,6469,vice-légation,2.822395456321736
665,6478,phonolitique,2.8445383905559978
666,6480,conférent,2.802039646271552
667,6494,génétiste,2.855949576648934
668,6507,évolutionniste,2.9507824160306257
669,6523,calfateur,2.862172395266877
670,6532,félinier,2.886119955386043
671,6536,aquitain,2.8646135106876374
672,6543,universaliste,2.9613804729209123
673,6549,rabbi,2.9265154384437273
674,6570,dindonnier,2.925127101584164
675,6598,élagueur,2.9691445511014876
676,6607,dramatiste,2.9504928816739104
677,6608,calembouriste,2.9451177998860167
678,6611,jockey-club,2.9612106803865506
679,6624,divisionniste,2.983225378862141
680,6636,accoutreur,2.97574545110179
681,6648,mélodramaturge,2.9644728538612086
682,6657,frimant,2.852382550944801
683,6659,consubstantialiste,2.9534052230078447
684,6671,agrafeur,2.897210167445028
685,6675,lamaneur,2.9189859403709804
686,6683,pucheux,2.9408928761394844
687,6686,gagman,2.9712349747272935
688,6695,socioanalyste,2.986966158917588
689,6707,mystériarque,2.953988098600021
690,6724,trabucaire,2.89562114934255
691,6733,protestant,2.965647308194366
692,6734,géodésien,2.915571478981078
693,6735,ricain,2.9762310255176474
694,6741,brésilien,2.9358914282844966
695,6742,coupe-jarret,2.877028726940104
696,6755,passionnaire,2.9788791757109285
697,6777,goure,2.9437244752667997
698,6788,new-look,2.8734436572864666
699,6789,référendaire,2.924074137940441
700,6832,langueyeur,2.832885972522539
701,6838,taulier,2.9797547927737327
702,6860,suppositif,2.858043621284487
703,6864,hagiographique,2.9301273135379864
704,6867,pataphysique,2.817890288789182
705,6869,poujadiste,2.987415613042549
706,6878,couleuvrinier,2.81395039600661
707,6893,halluciné,2.957068753275437
708,6895,impolitesse,2.8257870012183806
709,6899,hérésiarque,2.984230458127286
710,6902,râpeur,2.8667359904873644
711,6904,ratineuse,2.9576166886040838
712,6916,niolleur,2.951778766294697
713,6918,peinturlureur,2.9613618424528556
714,6920,preux,2.915670615753483
715,6922,rhabilleur,2.8553764819968577
716,6925,postier,2.9399126255711803
717,6935,sismicien,2.9471545916510995
718,6949,brigasse,2.9187761035594666
719,6950,haut-le-coeur,2.9251449640566167
720,6959,glaciériste,2.9508877195498826
721,6967,charlot,2.8356112190276703
722,6978,volateur,2.912638343745932
723,6981,tailleuse,2.828722656826801
724,6987,sous-commissaire,2.8708575180658906
725,7008,sous-lieutenant,2.929062835879801
726,7021,glorifié,2.971238726745711
727,7022,néo-catholique,2.8685397165098507
728,7025,sédimentologiste,2.9258419280153025
729,7032,colbertiste,2.9713325709925065
730,7035,diplomatique,2.8773104572638637
731,7036,pugilistique,2.8951105945460296
732,7038,affirmé,2.9532457218361903
733,7071,anthropologiste,2.9865391520770377
734,7101,carbonateur,2.841775800956872
735,7114,déflegmateur,2.957683512760134
736,7118,festonneur,2.9394720079678835
737,7124,poursuiteur,2.9140940516410736
738,7163,électrotechnicien,2.979355886287962
739,7171,laquais,2.977671691978451
740,7226,tôlier,2.9682239119431575
741,7230,caporal,2.9716955306890633
742,7233,bigre,2.9331544791523525
743,7234,pot-au-feu,2.87901475270788
744,7243,sociocrate,2.8811514714763575
745,7260,mafiosi,2.8194345812632076
746,7274,vulcanisateur,2.9757733861020936
747,7292,plouc,2.9614331890059455
748,7297,néothomiste,2.971712954356315
749,7298,connétable,2.944507206795601
750,7302,gymnosophiste,2.8670546244027166
751,7320,état-major,2.8135632196160896
752,7325,profileur,2.934871769739699
753,7328,radiobiologiste,2.9710358728413953
754,7345,spinoziste,2.97684532609653
755,7351,nipponophile,2.8562792588155945
756,7357,hyperboréen,2.8125849789142667
757,7361,abrupt,2.9063936057992596
758,7365,actioniste,2.970233256185762
759,7369,pédaleur,2.8823434573698705
760,7382,quasi,2.917162070989078
761,7388,bigot,2.978730041285579
762,7395,fusainiste,2.851948943357107
763,7429,comitard,2.9074358564356597
764,7448,sous-chef,2.9463976282563666
765,7460,teutomane,2.8837936547841037
766,7472,lacertien,2.8097072566161017
767,7473,inquisitoire,2.8761450383199922
768,7484,ornemaniste,2.9550127012351055
769,7488,fantassin,2.9006951956889635
770,7490,rexiste,2.8978855258458536
771,7496,inséminateur,2.969725153944597
772,7499,prof,2.9649198518525655
773,7501,foreur,2.817394440707379
774,7509,jéhoviste,2.960248883362434
775,7514,cérémoniaire,2.969802389132443
776,7520,puffiste,2.9638144932556103
777,7521,grelottière,2.8673996943944235
778,7529,pavillonneur,2.9247059790482868
779,7532,fabricien,2.990728038830725
780,7534,pataphysicien,2.9926445612099046
781,7539,trameur,2.9752432926400147
782,7543,bobard,2.87052581985785
783,7547,guenillon,2.8369356949242044
784,7552,dorien,2.8601157913151054
785,7556,arnauldiste,2.9639770032604122
786,7559,trucideur,2.976834220042202
787,7560,rogomiste,2.807294082301831
788,7572,quartenier,2.974524046380032
789,7593,groupeur,2.9365690989641666
790,7596,harpé,2.970856014856312
791,7607,contreposeur,2.941345723653242
792,7627,sprinter,2.9213338108498674
793,7650,bataillonnaire,2.95641983269846
794,7655,oligopoleur,2.891699388351818
795,7689,puddleur,2.892815288947131
796,7691,paralléliste,2.9241279438102166
797,7699,liégeur,2.857370920741234
798,7707,noteur,2.9778835834168347
799,7723,essénien,2.93485506425488
800,7724,biotypologiste,2.9138569580004496
801,7727,acéphalien,2.89317743756871
802,7730,aléseur,2.826149814784772
803,7734,ectoplasmique,2.9430592164409006
804,7738,averroïste,2.9839649728095963
805,7740,pélagien,2.9390906514542032
806,7749,neptuniste,2.801211226542076
807,7754,cocasse,2.906372385899758
808,7780,terminologue,2.9871215128019317
809,7792,mausériste,2.8896520479809498
810,7798,dynaste,2.9094055876328935
811,7803,alimentateur,2.909588133780412
812,7816,maraboutique,2.8309741575813154
813,7819,sous-bibliothécaire,2.932306587216803
814,7829,monogéniste,2.9222496519723626
815,7847,turbineur,2.8462021033949902
816,7855,oenologue,2.99172719977453
817,7861,soviétologue,2.988241465260917
818,7863,fusilier,2.93930173681471
819,7870,moireur,2.827913636533961
820,7874,floriste,2.9458329045003375
821,7876,psychotechnicien,2.9242596989275986
822,7886,réfractionniste,2.8321868141806097
823,7899,spontanéiste,2.9841010045349763
824,7901,opposant,2.9638417624980598
825,7904,burlesque,2.9079936160455184
826,7913,mécaniciste,2.9893171253178634
827,7921,horizontaliste,2.9254431571063018
828,7924,torcheur,2.961666191398874
829,7945,virolier,2.891477638438028
830,7948,sonnettiste,2.966993972306951
831,7961,farcineux,2.8016207338880976
832,7964,palafitteur,2.9492622942880278
833,7973,maîtrisien,2.955808685206944
834,7982,cosmicien,2.948985686187605
835,7987,belligérant,2.912014922154133
836,8025,beau-papa,2.9581840802160744
837,8032,néomalthusien,2.9888530476318436
838,8044,hippocratiste,2.9191494264483384
839,8049,podestat,2.853201985827211
840,8068,neuropsychologue,2.937150151880927
841,8069,logographe,2.9806327072323056
842,8090,faubourien,2.957915117269537
843,8092,duettiste,2.97859362953779
844,8097,casse-gueule,2.897209133770519
845,8129,anti-social,2.935733676549292
846,8137,montmartrois,2.968179690450746
847,8141,absentéiste,2.989457068010276
848,8143,solidiste,2.950599575107557
849,8154,intouchable,2.955429101875359
850,8156,albanais,2.8747703079910685
851,8190,pentecôtiste,2.825815246217057
852,8193,positionniste,2.8889720781041874
853,8209,dessiné,2.833049885473507
854,8225,mutationniste,2.882791093231053
855,8240,orphiste,2.9884356070885114
856,8244,vaccinal,2.8534432753731798
857,8249,asynergique,2.8658345635247806
858,8258,bourrichon,2.84666898629224
859,8261,féneloniste,2.979072243537227
860,8262,contre-révolutionnaire,2.939747151968347
861,8288,cartonnier,2.9545302856817135
862,8293,bailli,2.9268239754816423
863,8295,toronneuse,2.838617641962109
864,8333,gastralgique,2.8038044273349145
865,8335,modérantiste,2.9413560403349206
866,8338,parnassien,2.977558129212408
867,8341,boy,2.8498078986631077
868,8364,rimailleur,2.9723489074929335
869,8400,monocaméraliste,2.8684427895374176
870,8460,damoche,2.9428440139071155
871,8466,banlieusard,2.9810531886914124
872,8470,rhyparographe,2.810866456291246
873,8481,archichancelier,2.9104185846674877
874,8488,lormier,2.8707350825915756
875,8504,coltineur,2.9851560482587023
876,8509,chaînetier,2.8946126914565338
877,8518,théocratiste,2.9621817055386175
878,8520,protévangéliste,2.940495769917932
879,8529,cingleur,2.9063737462364583
880,8531,janissaire,2.9180166463213926
881,8537,physicaliste,2.9465820596404058
882,8543,pilote-suicide,2.83891237069273
883,8544,vélociste,2.9867464956204164
884,8545,osiériculteur,2.9469159225792683
885,8550,bluteur,2.8739201641956873
886,8556,beurré,2.90224072088946
887,8560,massicoteur,2.9670198495378646
888,8562,égorgé,2.9736297775682763
889,8563,médicaillon,2.8805383238829436
890,8567,allégoriste,2.987088254216634
891,8568,préraphaéliste,2.8448990227582107
892,8570,taxinomiste,2.9869756402238474
893,8574,aliéniste,2.992214034761632
894,8586,cantonnier,2.967793863725904
895,8590,superhéros,2.9219566614295385
896,8593,frérot,2.8553629156535636
897,8594,roucheux,2.9352881184033834
898,8603,messianiste,2.988314255047566
899,8604,cardinaliste,2.98567917585195
900,8618,contrapuntiste,2.886649585645997
901,8620,pressier,2.963860583914943
902,8621,anti-pape,2.857797065040976
903,8625,sous-agent,2.965664533196519
904,8633,raceur,2.850543316092611
905,8666,toxico,2.949722108636849
906,8680,tire-au-flanc,2.906147684803107
907,8693,océanologue,2.977161080749844
908,8698,sténographique,2.8192602178599557
909,8699,saute-ruisseau,2.9683105761298667
910,8702,phrénologiste,2.91271499955355
911,8723,bineur,2.964863309366492
912,8726,haute-contre,2.817989479344986
913,8734,accisien,2.956503332749989
914,8736,cap-hornier,2.9262939665422363
915,8772,baveur,2.9709748712284045
916,8780,panspermiste,2.8787184274486144
917,8792,dermatologiste,2.9758614530191947
918,8819,émir,2.857355301163252
919,8827,fédéral,2.8160606926553284
920,8866,caléchier,2.8809356488706825
921,8908,rapporté,2.8860229527069423
922,8924,adoniste,2.9812426624304798
923,8928,sentimentaliste,2.9763572959945384
924,8931,bobinier,2.8637125959734298
925,8948,grinche,2.8702577123242454
926,8955,communaliste,2.982002739973404
927,8969,iconologiste,2.9525458971793492
928,8977,gueusard,2.8124820312021406
929,8980,énarque,2.9907808130938442
930,8989,templier,2.8999296553932674
931,9004,métallo,2.976955764891997
932,9007,imagier,2.8187860659920796
933,9008,courriériste,2.9875607277265974
934,9014,voyagiste,2.925296728661378
935,9016,stakhanoviste,2.9899721616558708
936,9031,parquier,2.880895716328945
937,9040,rimeur,2.97634890580476
938,9059,sous-officier,2.9545763721693623
939,9062,cristallier,2.8294866758860184
940,9065,arien,2.912859212835957
941,9066,grammatiste,2.8887186089718004
942,9075,prétorien,2.841724984091652
943,9090,harponneur,2.9673468960892135
944,9102,vitaliste,2.9896584550805163
945,9130,patronnier,2.9747484544931746
946,9138,néo-réaliste,2.972779214330356
947,9164,anticipant,2.900488228665552
948,9170,arrière-vassal,2.8842537770106227
949,9184,trotte-menu,2.8664483397762868
950,9198,néo-zélandais,2.8360021079384943
951,9208,stucateur,2.933714575274057
952,9223,crapouillot,2.904960467343674
953,9226,piétiste,2.9815929850207876
954,9228,sélénologue,2.8813050320124916
955,9230,sophrologue,2.9703877856815266
956,9254,poétereau,2.8966441085932613
957,9255,bergsonien,2.9840756059499816
958,9297,apiéceur,2.8683208794477144
959,9298,doubleur,2.96512663169005
960,9315,jurande,2.8363341401691384
961,9337,mégalosaure,2.819585524396237
962,9342,néo-positiviste,2.9540906757783176
963,9354,probationnaire,2.9249806025979987
964,9359,soupireur,2.9513936514382504
965,9360,olifant,2.8469284543538014
966,9374,prostitutionnel,2.808737172857443
967,9384,chambellan,2.9735176006131887
968,9393,logothète,2.9409029995655995
969,9394,réformé,2.8934474122463225
970,9399,motoriste,2.973940841219993
971,9421,franc-tenancier,2.8568179388030916
972,9428,idéaliste,2.983766638131283
973,9429,moliériste,2.9772467613347358
974,9449,néo-lamarckien,2.870282082666467
975,9463,négro-américain,2.89345386017785
976,9467,dribbleur,2.9814347852431924
977,9493,mignard,2.94989555455257
978,9498,drôlesse,2.9595257573700775
979,9508,pour-soi,2.9024246655215
980,9514,orangiste,2.920826453248927
981,9526,baptiste,2.9115535386009976
982,9532,bizut,2.9409677456991785
983,9580,bobinard,2.924230557757992
984,9614,colonialiste,2.9786154858925245
985,9616,vogueur,2.9749212972858263
986,9629,nourricier,2.927452345140969
987,9631,germinaliste,2.9188746872827513
988,9643,moutonnier,2.944997649258696
989,9646,légendaire,2.908704425689973
990,9661,cantatrice,2.970496198220852
991,9664,congrégationaliste,2.832424578523347
992,9666,prélat,2.982370154642996
993,9681,totalisateur,2.817949324273936
994,9691,tire-laine,2.825625884926749
995,9693,ambleur,2.8236190756422266
996,9704,sectionnaire,2.9764290713171278
997,9705,calandreur,2.894572927348763
998,9706,bordelière,2.9016406014501275
999,9730,biométricien,2.9416934955942735
1000,9744,mécanographe,2.967797807832716
1001,9745,illuministe,2.990843234500119
1002,9750,sacripant,2.9857470294226607
1003,9772,quêteux,2.9830826709877014
1004,9784,aiguillonnier,2.8469185597974143
1005,9785,salutiste,2.9852079291232303
1006,9812,demi-sou,2.834497934404157
1007,9820,arçonneur,2.9011275318686733
1008,9825,bouffant,2.8970945532875634
1009,9859,cytologiste,2.9622020256248094
1010,9862,superficiaire,2.933874423290315
1011,9908,potard,2.8667829109327436
1012,9909,monadiste,2.9756605829505283
1013,9917,secoueur,2.848860873227321
1014,9922,manilleur,2.895131200637372
1015,9923,impératrice-mère,2.927081748272641
1016,9932,pragmatiste,2.985229603607454
1017,9935,acrochiriste,2.961010909877395
1018,9937,mystagogique,2.8024755554917777
1019,9946,semainier,2.8720888440688404
1020,9971,boudiné,2.9634688771762328
1021,9985,affident,2.972947560044565
1022,9986,acadien,2.956215186551626
1023,9991,intensionnel,2.8874572135839416
1024,9995,vraisemblable,2.816495605593501
1025,9996,aqua-fortiste,2.9040697042934633
1026,10024,lamineur,2.9722405731386163
1027,10040,chorévêque,2.82552971492251
1028,10044,alépin,2.9357158323104366
1029,10045,trappiste,2.887750166334304
1030,10053,phytothérapeute,2.9563084460425526
1031,10070,succursaliste,2.9562186985044185
1032,10071,porte-étendard,2.952134896108659
1033,10075,signaleur,2.9264606402052635
1034,10090,content,2.91693690133615
1035,10114,taillandier,2.936960533624344
1036,10118,ignatien,2.9308049987609373
1037,10121,anti-colonial,2.9020398066161412
1038,10125,banderillero,2.868127470911532
1039,10148,associationiste,2.978675950417889
1040,10150,aixois,2.9536232536637828
1041,10172,starlette,2.9412068340142876
1042,10207,gabarier,2.9251358883549843
1043,10221,nourrisseur,2.875430178732514
1044,10235,nosologiste,2.9649660717442154
1045,10252,calignaire,2.879599328224244
1046,10275,localisateur,2.8937415267761084
1047,10303,polémarque,2.8551798270287967
1048,10336,bousard,2.819839979584126
1049,10341,ci-devant,2.90848501145946
1050,10342,avant-centre,2.8744533698709644
1051,10343,dur-à-cuire,2.970180756328443
1052,10346,tutioriste,2.948747176869417
1053,10348,zutiste,2.9763803563000377
1054,10354,blase,2.9424313766761028
1055,10411,nuitard,2.8111378615945792
1056,10412,prospectiviste,2.991610758600379
1057,10415,chérif,2.9437549982812836
1058,10416,médiocrate,2.964319605233526
1059,10423,trempé,2.9388613467959717
1060,10432,réaliste,2.9782390244339556
1061,10441,manie,2.811678338763132
1062,10442,hockeyeur,2.984071135997202
1063,10443,historiciste,2.98183048825638
1064,10445,taillon,2.9305747505554947
1065,10451,minotier,2.9764199320948874
1066,10455,graineur,2.9471556195539996
1067,10471,scribouillard,2.982401635170575
1068,10473,eudiste,2.9884453213181037
1069,10482,barriste,2.982263403211282
1070,10484,aragonais,2.8864542481349487
1071,10488,sénéchal,2.9640022868540754
1072,10494,métricien,2.9714260759756987
1073,10497,idéologiste,2.9895156738875643
1074,10503,raïs,2.90507146521987
1075,10506,mordant,2.8788956862690203
1076,10516,sans-filiste,2.9537921853753355
1077,10526,arrière-ban,2.880561560268778
1078,10546,océaniste,2.9902100744284277
1079,10555,tératologique,2.8574561180819362
1080,10561,admis,2.8772601120950707
1081,10565,sous-intendant,2.888161265138036
1082,10576,goupil,2.873839008744253
1083,10582,risée,2.918899286194458
1084,10609,oeillettiste,2.9396766636263956
1085,10610,homériste,2.925853820652165
1086,10611,cuistot,2.9752397060501936
1087,10616,benêt,2.964264072736035
1088,10622,chiqué,2.8583692184194858
1089,10643,rotativiste,2.9647582503193015
1090,10648,luthier,2.8600597201087488
1091,10652,jocko,2.8801157918225284
1092,10656,défenestreur,2.9436912085641094
1093,10678,bosseman,2.9506460761676587
1094,10679,symboliste,2.9862429030649174
1095,10715,basané,2.9533397932431655
1096,10723,dandin,2.8201522380949506
1097,10726,sombreur,2.9260574602343916
1098,10727,bordelier,2.966370224337557
1099,10733,physiocrate,2.981035908501952
1100,10742,hystérétique,2.905879293481658
1101,10748,polynésien,2.900321667691391
1102,10751,freudiste,2.975075630827038
1103,10753,impressionniste,2.956370750271805
1104,10755,alouchier,2.841342452492258
1105,10764,foulonnier,2.958397459679306
1106,10775,privat-docent,2.867796127192534
1107,10776,victimaire,2.962875046105398
1108,10804,enduiseur,2.9332549905500995
1109,10809,sucé,2.8828061110472114
1110,10863,braquemard,2.8044227811549147
1111,10865,gestapiste,2.984078720242247
1112,10883,outsider,2.905769627947401
1113,10884,tuilier,2.9491496801537105
1114,10905,pipier,2.9049933307494924
1115,10910,obédiencier,2.927418520206529
1116,10928,inspiré,2.9043765695747212
1117,10929,chapelain,2.9529937726870648
1118,10933,riveteur,2.9656742274733765
1119,10934,lettriste,2.9776978537869683
1120,10944,gadin,2.814474454913149
1121,10945,anti-star,2.9890778611753164
1122,10955,affamélite,2.910150052049917
1123,10958,analecteur,2.942051326561736
1124,10961,sonoriste,2.9606687510072938
1125,10970,munitionnaire,2.9616427234527696
1126,10971,bourboniste,2.9791939029933343
1127,10974,agrégé,2.985127098505653
1128,11002,schlitteur,2.9369836866611716
1129,11030,impolitique,2.9382595384474324
1130,11035,toponymiste,2.989857538661797
1131,11038,chambrier,2.8864693700380344
1132,11056,impositionnaire,2.908492941740248
1133,11063,plisseur,2.898753638872858
1134,11087,pariétaire,2.8869635207928654
1135,11114,sous-gouverneur,2.981280117517319
1136,11115,alleutier,2.9804873956174034
1137,11117,taxi-boy,2.9554063352459075
1138,11121,nièce,2.9320412455364675
1139,11123,solipsiste,2.9646982509929387
1140,11130,médailliste,2.9702500030224135
1141,11164,cuirassier,2.883703342986627
1142,11166,trompette-major,2.92071268215477
1143,11171,treillageur,2.8844794212859677
1144,11177,fluidiste,2.975224231901493
1145,11178,idiosyncrasique,2.906679383290663
1146,11179,carnassière,2.8502865467613194
1147,11180,téléologiste,2.975793538367113
1148,11209,ramageur,2.903508142188093
1149,11224,antitrinitaire,2.832062164001388
1150,11228,vielleur,2.9509667296745032
1151,11231,chanoinesse,2.9732111344749033
1152,11238,mouilleur,2.903777064210945
1153,11240,hébraïste,2.991709330468205
1154,11244,paraphraste,2.8902690557456214
1155,11250,gaulliste,2.987204240052094
1156,11254,vergobret,2.8771335466599828
1157,11261,pornographe,2.9700472955565806
1158,11277,institutionnaliste,2.9388249186717474
1159,11285,châtelé,2.8776466522346213
1160,11286,cavaleur,2.947509420652065
1161,11291,légat,2.885885109224305
1162,11294,paternel,2.888577426819996
1163,11300,interclasseuse,2.891423795583406
1164,11306,cabaretier,2.986459164871705
1165,11312,soiriste,2.9333223729466162
1166,11333,tordeur,2.920091871967334
1167,11341,ornithologiste,2.9513951462923953
1168,11349,soufi,2.920315949066466
1169,11351,dynamiste,2.969780239328187
1170,11359,troufion,2.961480787829056
1171,11370,saint-cyrien,2.9798858401285924
1172,11375,crevard,2.958719502736944
1173,11378,souricier,2.874529305754136
1174,11384,scientologue,2.981303146303587
1175,11390,arrière-neveu,2.984805153388046
1176,11394,tractionnaire,2.857133319843145
1177,11407,jactancieux,2.8283632813681674
1178,11413,limnologiste,2.928620303371732
1179,11416,néographe,2.9601485705006794
1180,11438,sigillographe,2.956122560705519
1181,11454,infinitiste,2.803822926779959
1182,11482,psychosociologue,2.9889203973537852
1183,11488,bourrée,2.9071026763071464
1184,11492,archetier,2.9804024014265464
1185,11501,ophtalmologiste,2.9184212061223405
1186,11513,gabionneur,2.969780636411299
1187,11525,hydraulicien,2.976589619135887
1188,11551,flanqueur,2.9644463089852997
1189,11557,bonze,2.954231180605009
1190,11578,mobiliste,2.9738629328947073
1191,11588,bourbonnais,2.9551061028472514
1192,11605,cuistancier,2.9524030263074725
1193,11606,pisse-copie,2.9726332115190344
1194,11611,chasse-marée,2.908570701038777
1195,11625,rosicrucien,2.80349669133715
1196,11631,psychogérontologue,2.9294022029105973
1197,11641,garnisaire,2.9587613503510317
1198,11642,indéterministe,2.9424329615176523
1199,11645,physico-chimiste,2.989547781510332
1200,11662,tragique,2.835019886176317
1201,11669,taffeur,2.979025794897145
1202,11674,infirmier-major,2.940017452135702
1203,11675,négrophile,2.862359815081815
1204,11679,madrigaliste,2.970678241940058
1205,11683,caravagesque,2.864436947338993
1206,11729,cornettiste,2.972296405219081
1207,11743,pétrochimiste,2.9795652155217773
1208,11747,mallarmiste,2.8126156326061755
1209,11748,rattacheur,2.8856898953215553
1210,11750,tachiste,2.969067287155692
1211,11753,déterministe,2.971622713878439
1212,11756,déduit,2.8580522790022114
1213,11761,garçonnet,2.82729285110058
1214,11769,rotarien,2.9019201219114676
1215,11770,dominicain,2.9308037658908797
1216,11801,sociomatrice,2.944547931362462
1217,11805,augmentatif,2.9252771336801104
1218,11807,polytonaliste,2.836537991303888
1219,11811,conversioniste,2.800733301095493
1220,11818,geigneux,2.913857291348193
1221,11835,mariste,2.9794072626464287
1222,11839,tapon,2.8542077217226853
1223,11843,belliciste,2.9838828793797147
1224,11850,prothésiste,2.9320212210098693
1225,11877,palquiste,2.945341126759054
1226,11917,pope,2.8629883719182083
1227,11930,trotskiste,2.956225994409963
1228,11941,diagnosticien,2.9852588700480123
1229,11952,corrigeur,2.9431479759576424
1230,11971,traîneux,2.8997125540700175
1231,11973,fanfan,2.885327692089147
1232,11991,chanvreur,2.888858895951981
1233,11999,alcôviste,2.9491406147540418
1234,12006,patard,2.930595283855534
1235,12014,attentiste,2.9890404392925825
1236,12018,peinturier,2.9018181279149227
1237,12022,sous-employé,2.973710385976651
1238,12030,piaffe,2.848346312517316
1239,12037,gingin,2.806222646804296
1240,12046,provéditeur,2.964856745784375
1241,12051,oublieux,2.8721350252662066
1242,12062,négligé,2.8151196828821066
1243,12077,fracasseur,2.9431570532925075
1244,12078,midinette,2.951821918716444
1245,12109,clocheteur,2.9354747657277453
1246,12136,bousilleur,2.8538844507804155
1247,12163,vrillon,2.823147090474305
1248,12167,darwiniste,2.987493554037624
1249,12191,bolcheviste,2.97686377372554
1250,12193,concessif,2.9566776181971237
1251,12236,troupier,2.96991407767429
1252,12249,régaleur,2.813444518243452
1253,12256,factionnaire,2.976738472981874
1254,12282,sumérien,2.9345841435300724
1255,12284,prêchi,2.8715439919635144
1256,12297,occiseur,2.9373651085163566
1257,12305,houilleur,2.917121429557152
1258,12307,journaleux,2.9671202374308407
1259,12311,vizir,2.9452753119508017
1260,12323,hindouiste,2.95742346099371
1261,12327,talonnier,2.8510490029097917
1262,12332,rhodologue,2.934036805056305
1263,12340,radiotechnicien,2.937608458153391
1264,12346,marmiton,2.841573813152908
1265,12356,polyédriste,2.815176495690688
1266,12368,crocheteur,2.9792931668632034
1267,12379,saint-esprit,2.890712455508925
1268,12391,vavasseur,2.960277646149013
1269,12398,idéiste,2.9863471017310164
1270,12403,aquarien,2.8011505394763256
1271,12421,anti-parlementaire,2.9310442095777254
1272,12443,évangélisateur,2.946942320993861
1273,12451,syphiligraphe,2.942624834286471
1274,12457,décatisseur,2.9028540246124286
1275,12459,gueuse,2.964502590285122
1276,12481,faux-fuyant,2.909501574136735
1277,12495,providentialiste,2.9729228980256748
1278,12500,élargisseur,2.8372360061797313
1279,12517,impudeur,2.8960745692702123
1280,12519,prosélytique,2.9110767092692793
1281,12526,préfacier,2.97151583605591
1282,12528,agréé,2.8674575239365243
1283,12529,bouvard,2.9336125642739654
1284,12536,toubib,2.89949197787601
1285,12539,batelée,2.8554353852353964
1286,12543,chauffard,2.960320230433094
1287,12566,lectionnaire,2.809529505126906
1288,12583,placoteux,2.9614254192723704
1289,12586,stagnationniste,2.9323410018664022
1290,12595,floristicien,2.983274126535601
1291,12599,télématicien,2.9825995926173805
1292,12610,flic-flac,2.8325851263784627
1293,12621,occitanien,2.9326580644737255
1294,12671,claque-dent,2.817644165540101
1295,12673,bassiste,2.923555433927838
1296,12696,tambourinaire,2.964446625666027
1297,12713,zéniste,2.979658603532993
1298,12719,troubadouresque,2.9320574615779575
1299,12735,rondisseur,2.9450419992396117
1300,12750,santonnier,2.935310909796669
1301,12753,constable,2.93672238029138
1302,12760,garibaldien,2.9454372922277705
1303,12764,médimne,2.8404382064439675
1304,12771,terre-neuvas,2.849899631582795
1305,12808,irrationaliste,2.9598824355555786
1306,12809,trade-unioniste,2.9192750813942236
1307,12810,accablé,2.917953535789099
1308,12813,patarin,2.918333155914139
1309,12819,météorologiste,2.925846878637166
1310,12831,mondialiste,2.9703953448709326
1311,12839,pharaonne,2.957761338107426
1312,12845,dirigiste,2.9843861685309983
1313,12850,daron,2.8333686998084793
1314,12852,bardeur,2.815881627606982
1315,12856,allumière,2.806217821537783
1316,12858,ampoulé,2.9025686757298192
1317,12862,traditeur,2.9475123185590926
1318,12885,parangon,2.833418947637622
1319,12906,résistantialiste,2.914271776029498
1320,12910,déballeur,2.983152264885649
1321,12954,protistologue,2.8927854969200117
1322,12975,souligné,2.8750639890116094
1323,12980,tanné,2.966231825771802
1324,12988,cannibale,2.960052621321415
1325,12990,tunisois,2.800225684011011
1326,13003,boudinier,2.946053799662485
1327,13014,cagoulard,2.9613673607467317
1328,13036,cul-de-poule,2.836934304083265
1329,13057,rêche,2.9246349879395868
1330,13061,masturbatoire,2.9244054080356814
1331,13063,poteau-frontière,2.825644595861417
1332,13066,fiston,2.9336142696453846
1333,13069,vidéo-artiste,2.91253635329088
1334,13083,actien,2.824608616718068
1335,13084,picolo,2.857040330689244
1336,13093,néocriticiste,2.819861109931251
1337,13096,sous-entrepreneur,2.9718218586715057
1338,13099,sorboniqueur,2.846053759159465
1339,13123,monte-en-l'air,2.806134768721334
1340,13158,apocryphiste,2.9651126991014
1341,13177,gugusse,2.9176466079168764
1342,13188,antipsychiatre,2.9443760934485015
1343,13221,porté,2.856376251818568
1344,13222,lustreur,2.924219992820553
1345,13231,mystérique,2.913731883966862
1346,13234,trôleur,2.967693684586677
1347,13242,pugiliste,2.975652813677809
1348,13273,néo-platonicien,2.9429846567253355
1349,13288,contadin,2.8905946611433198
1350,13290,crapouilleur,2.8742736775778046
1351,13292,brise-tout,2.901121823218891
1352,13298,énergétiste,2.9512747947663622
1353,13326,néo-libéral,2.9140716320308844
1354,13328,conteste,2.9002789374523306
1355,13336,brûlotier,2.9176499411610193
1356,13338,liguoriste,2.9202624856970076
1357,13341,bourbonien,2.888659997505303
1358,13345,épique,2.842151862010219
1359,13366,substantialiste,2.9522318008742774
1360,13372,navarque,2.933293115478911
1361,13375,botteur,2.865214602188373
1362,13381,nuiteux,2.9189333396625807
1363,13389,script-girl,2.9808246212619762
1364,13395,théologiste,2.976782795645073
1365,13399,radoubeur,2.897922904779085
1366,13406,sidologue,2.9751783233557605
1367,13417,apographe,2.913202175221777
1368,13420,stylisticien,2.9878084546779173
1369,13428,plombiste,2.9884040512310452
1370,13429,gélinier,2.9252689177146043
1371,13442,spectroscopiste,2.9280181569071497
1372,13446,gringuenaude,2.8391087719373687
1373,13447,propréteur,2.938785185353029
1374,13452,non-voyant,2.8511383666033843
1375,13459,bouseux,2.969455910831505
1376,13462,roule-partout,2.834240955000825
1377,13471,pulsionnel,2.9111259349669703
1378,13476,outilleur,2.956396027824205
1379,13497,avoué,2.9833053184548164
1380,13516,rectifieur,2.9364483836442727
1381,13522,scoliaste,2.850979632166
1382,13533,pistard,2.9703874017012
1383,13540,formier,2.912660832576535
1384,13550,porte-parapluie,2.824593683370039
1385,13559,sous-diacre,2.904057766092822
1386,13567,juvéniste,2.9550694620359153
1387,13571,dizainier,2.8434743270650453
1388,13578,chausseur,2.96116979398055
1389,13588,sacret,2.872260908464433
1390,13589,pape,2.949566738196384
1391,13596,zingueur,2.860775668957017
1392,13612,patachon,2.929947367051471
1393,13614,sertisseur,2.9539350613178392
1394,13615,autoritariste,2.9859091800287105
1395,13616,gymnasiarque,2.9734984614197133
1396,13621,triérarque,2.9724186986238323
1397,13625,ausonien,2.812985972180961
1398,13634,friand,2.9832821063576587
1399,13638,vignettiste,2.9605688446349183
1400,13650,perreyeur,2.9620397692048175
1401,13657,plaqueur,2.9679947913378575
1402,13659,belle-fille,2.944278495924016
1403,13662,monogrammiste,2.9456533663472113
1404,13664,boucanier,2.88860625922726
1405,13671,agadiste,2.8841452135179315
1406,13678,mandrineur,2.9652477089415603
1407,13680,proditeur,2.980412524972519
1408,13687,mégissier,2.961692892861496
1409,13693,nataliste,2.986961554331324
1410,13716,préteur,2.9172402668911888
1411,13718,hideur,2.926045347811483
1412,13721,despote,2.93654827638772
1413,13734,super-star,2.9649959442592424
1414,13754,prédestinatien,2.8498866802697282
1415,13756,top-modèle,2.9569295603165013
1416,13773,marxologue,2.990193844394266
1417,13790,ministre-,2.987366761562107
1418,13801,radionavigant,2.920562474671433
1419,13817,terne,2.9228481096341685
1420,13844,hardiesse,2.822738077721461
1421,13852,dentiste,2.933175159462804
1422,13861,minceur,2.833791294612441
1423,13885,maïeur,2.9599841617204663
1424,13890,pléonastique,2.9223299746060603
1425,13893,doigtier,2.9182480861996014
1426,13904,tempiste,2.934830034338524
1427,13917,galéniste,2.988165064509896
1428,13956,manitou,2.858382648470694
